老人姓名,测量日期,测量时间,血压,血糖,血糖类型,心率,体温,备注
黄志强,2024-05-18,08:00,128/84,5.6,空腹,74,36.6,正常
陈淑贞,2024-05-18,08:10,135/88,6.2,空腹,76,36.8,正常
高天民,2024-05-18,08:20,122/78,4.9,空腹,70,36.4,正常
杨美华,2024-05-18,08:30,145/95,9.8,餐后,85,37.2,血压略高
朱晓峰,2024-05-18,08:40,130/80,8.8,餐后,78,36.9,正常
许丽华,2024-05-18,08:50,138/92,6.8,空腹,72,36.7,正常
何大伟,2024-05-18,09:00,125/80,3.5,空腹,65,36.3,空腹血糖过低
董秀珍,2024-05-18,09:10,155/100,12.5,餐后,95,37.6,血压血糖体温都异常
范志明,2024-05-18,09:20,132/86,7.5,空腹,75,36.5,正常
梁金凤,2024-05-18,09:30,140/92,6.0,空腹,78,36.8,正常
