行号,主机名,端口,标签,状态,延迟(ms),错误原因
5,baidu.com,80,"web, public",成功,229.11,
6,qq.com,443,"web, public",失败,1001.31,其他错误: 
9,127.0.0.1,22,"local, ssh",失败,5.66,"其他错误: [Errno 61] Connect call failed ('127.0.0.1', 22)"
12,this-host-does-not-exist.example.com,80,"test, invalid",失败,77.35,DNS解析失败 (主机名不存在)
15,127.0.0.1,59999,"test, closed-port",失败,5.67,"其他错误: [Errno 61] Connect call failed ('127.0.0.1', 59999)"
18,github.com,22,,成功,131.5,
23,@#$%^&*(),22,,失败,63.65,DNS解析失败 (主机名不存在)
24,这是一行中文测试,22,,失败,77.31,DNS解析失败 (主机名不存在)
25,invalid,22,port:99999:toomany,失败,77.21,DNS解析失败 (主机名不存在)

坏数据记录
行号,原始内容,错误原因
3,,空行
7,,空行
10,,空行
13,,空行
16,,空行
19,,空行
21,,空行
26,,空行
28,test.example.com 99999 test,无效端口: 99999
